"Message",Low,"Iniciando la compilación nativa de .NET"
"Message",Low,""
"Message",Low,""
"Message",Low,"Tarea ""Gatekeeper"""
"Message",Normal,"Iniciando 'C:\Users\chipe\.nuget\packages\runtime.win10-x64.microsoft.net.native.compiler\2.2.9-rel-29512-01\tools\x64\ilc\ilc.exe --gatekeeper @""C:\Users\chipe\source\repos\MeMeCollection\MemeCollection\obj\x64\Release\ilc\intermediate\gkargs.rsp""'"
"Message",Low,"Equipo selector de Microsoft (R) .NET Native, versi�n 2.2.29512.01 "
"Message",Low,"Copyright (C) Microsoft Corporation.  All rights reserved. "
"Message",Low," "
"Message",Low,"Comprobando el ensamblado 'C:\Users\chipe\source\repos\MeMeCollection\MemeCollection\obj\x64\Release\ilc\in\MemeCollection.exe'. "
"Message",Low,"Comprobando el ensamblado 'C:\Users\chipe\source\repos\MeMeCollection\MemeCollection\obj\x64\Release\ilc\in\Microsoft.Toolkit.Uwp.Notifications.dll'. "
"Message",Normal,"'C:\Users\chipe\.nuget\packages\runtime.win10-x64.microsoft.net.native.compiler\2.2.9-rel-29512-01\tools\x64\ilc\ilc.exe --gatekeeper @""C:\Users\chipe\source\repos\MeMeCollection\MemeCollection\obj\x64\Release\ilc\intermediate\gkargs.rsp""' se ha completado."
"Message",Normal,"Procesar estadísticas de ejecución (todas las veces en milisegundos)"
"Message",Normal,"-----------------------------------------------------------------------------"
"Message",Normal,"inicio  |  iniciar   |   detener   |   finalizar    | duración | vigencia | nombre [ranura]"
"Message",Normal,"-----------------------------------------------------------------------------"
"Message",Normal,"       0 |       16 |      188 |      344 |      172 |      344 | [0] Gatekeeper"
"Message",Normal,"Número de comandos:      1"
"Message",Normal,"Tiempo total del sistema:       344 ms"
"Message",Normal,"Tiempo del sistema por comando: 344 ms"
"Message",Normal,"Duración total:          172 ms"
"Message",Normal,"Vigencia total:          344 ms"
"Message",Normal,"DOP solicitado:           12"
"Message",Normal,"DOP de la duración:            0,5"
"Message",Normal,"DOP de la vigencia:            1,0"
"Message",Low,"Ejecución de la tarea ""Gatekeeper"" finalizada."
"Message",Low,"Compilación del destino ""RunGatekeeper"" en el archivo ""Preparation"" finalizada."
"Message",Low,""
"Message",Low,"Compilación del destino ""CreateToolchainGeneratedAssembly"" en el archivo ""Preparation"" finalizada."
"Message",Low,""
"Message",Low,"Tarea ""PreMergeAssemblyClosure"""
"Message",Low,"Ejecución de la tarea ""PreMergeAssemblyClosure"" finalizada."
"Message",Low,"Compilación del destino ""ConstructPreMergeAssemblyClosure"" en el archivo ""Preparation"" finalizada."
"Message",Low,""
"Message",Low,"Tarea ""McgReferenceResolveFilePath"""
"Message",Low,"Ejecución de la tarea ""McgReferenceResolveFilePath"" finalizada."
"Message",Low,"Compilación del destino ""PreResolveTransforms"" en el archivo ""Preparation"" finalizada."
"Message",Low,""
"Message",Low,"Tarea ""ResolveToolchainRequiredAssemblyRoots"""
"Message",Low,"Ejecución de la tarea ""ResolveToolchainRequiredAssemblyRoots"" finalizada."
"Message",Low,"Tarea ""ILTransformAssemblyClosure"""
"Message",Low,"Ejecución de la tarea ""ILTransformAssemblyClosure"" finalizada."
"Message",Low,"Tarea ""ResolveToolchainRequiredAssemblyRoots"""
"Message",Low,"Ejecución de la tarea ""ResolveToolchainRequiredAssemblyRoots"" finalizada."
"Message",Low,"Tarea ""ReducedCopyAssemblyClosure"""
"Message",Low,"Ejecución de la tarea ""ReducedCopyAssemblyClosure"" finalizada."
"Message",Low,"Compilación del destino ""ConstructILTransformAssemblyClosure"" en el archivo ""Preparation"" finalizada."
"Message",Low,"Compilación del proyecto ""Preparation"" finalizada."
"Message",Low,""
"Message",Low,""
"Message",High,"Procesando el código de la aplicación"
"Message",Low,"Tarea ""RunILTransforms"""
"Message",Normal,"Ejecutando la transformación 'DumpNativeResources', montón en 77 MB."
"Message",Normal,"Ejecutando la transformación 'Analysis', montón en 91 MB."
"Message",Low,"Cargando 82 módulos..."
"Message",Normal,"Se importaron directivas de reflexión de 11 archivos:"
"Message",Normal,"C:\Users\chipe\source\repos\MeMeCollection\MemeCollection\obj\x64\Release\ilc\in\Properties\Default.rd.xml"
"Message",Normal,"Manifiesto incrustado en System.Private.Interop: Resources.System.Private.Interop.rd.xml"
"Message",Normal,"Manifiesto incrustado en System.Private.WinRTInterop.CoreLib: Resources.System.Private.WinRTInterop.CoreLib.rd.xml"
"Message",Normal,"Manifiesto incrustado en System.Runtime.WindowsRuntime.UI.Xaml: Resources.System.Runtime.WindowsRuntime.UI.Xaml.rd.xml"
"Message",Normal,"Manifiesto incrustado en Microsoft.Toolkit.Uwp.Notifications: Microsoft.Toolkit.Uwp.Notifications.Properties.Microsoft.Toolkit.Uwp.Notifications.rd.xml"
"Message",Normal,"Manifiesto incrustado en System.Private.CoreLib: Resources.System.Private.CoreLib.rd.xml"
"Message",Normal,"Manifiesto incrustado en System.Private.Uri: Resources.System.Private.Uri.rd.xml"
"Message",Normal,"Manifiesto incrustado en System.Private.Reflection.Core: System.Private.Reflection.Core.rd.xml"
"Message",Normal,"Manifiesto incrustado en System.Private.Xml: System.Xml.Resources.System.Private.Xml.rd.xml"
"Message",Normal,"Manifiesto incrustado en System.Net.Primitives: Resources.System.Net.Primitives.rd.xml"
"Message",Normal,"Manifiesto incrustado en System.Linq.Expressions: System.Linq.Expressions.Resources.System.Linq.Expressions.rd.xml"
"Message",Normal,"Se importaron elementos raíz XAML de 1 archivos:"
"Message",Normal,"C:\Users\chipe\source\repos\MeMeCollection\MemeCollection\obj\x64\Release\ilc\in\MemeCollection.xr.xml"
"Message",Normal,"Ejecutando la transformación 'Mcg', montón en 179 MB."
"Message",High,"Calculando la clausura de la aplicación y generando el código de interoperabilidad"
"Message",High,"  Cargando 82 módulos..."
"Message",Normal,"          P/Invoke 'RhpGetFuncEvalParameterBufferSize' con [DllImport(ExactSpelling=true)] resuelto en '[MRT]!RhpGetFuncEvalParameterBufferSize'."
"Message",Normal,"          P/Invoke 'RhpGetFuncEvalMode' con [DllImport(ExactSpelling=true)] resuelto en '[MRT]!RhpGetFuncEvalMode'."
"Message",Normal,"          P/Invoke 'RhpRecordDebuggeeInitiatedHandle' con [DllImport(ExactSpelling=true)] resuelto en '[MRT]!RhpRecordDebuggeeInitiatedHandle'."
"Message",Normal,"          P/Invoke 'RhpVerifyDebuggerCleanup' con [DllImport(ExactSpelling=true)] resuelto en '[MRT]!RhpVerifyDebuggerCleanup'."
"Message",Normal,"          P/Invoke 'RhpGetCurrentThread' con [DllImport(ExactSpelling=true)] resuelto en '[MRT]!RhpGetCurrentThread'."
"Message",Normal,"          P/Invoke 'RhWaitForPendingFinalizers' con [DllImport(ExactSpelling=true)] resuelto en '[MRT]!RhWaitForPendingFinalizers'."
"Message",Normal,"          P/Invoke 'RhYield' con [DllImport(ExactSpelling=true)] resuelto en '[MRT]!RhYield'."
"Message",Normal,"          P/Invoke 'RhFlushProcessWriteBuffers' con [DllImport(ExactSpelling=true)] resuelto en '[MRT]!RhFlushProcessWriteBuffers'."
"Message",Normal,"          P/Invoke 'RhCompatibleReentrantWaitAny' con [DllImport(ExactSpelling=true)] resuelto en '[MRT]!RhCompatibleReentrantWaitAny'."
"Message",Normal,"          P/Invoke 'RhCallDescrWorker' con [DllImport(ExactSpelling=true)] resuelto en '[MRT]!RhCallDescrWorker'."
"Message",Normal,"          P/Invoke '_ecvt_s' con [DllImport(ExactSpelling=true)] resuelto en '[MRT]!_ecvt_s'."
"Message",Normal,"          P/Invoke 'memmove' con [DllImport(ExactSpelling=true)] resuelto en '[MRT]!memmove'."
"Message",Normal,"          P/Invoke 'memset' con [DllImport(ExactSpelling=true)] resuelto en '[MRT]!memset'."
"Message",Normal,"          P/Invoke 'CallingConventionConverter_GetStubs' con [DllImport(ExactSpelling=true)] resuelto en '*!CallingConventionConverter_GetStubs'."
"Message",Normal,"          P/Invoke 'WindowsCreateStringReference' se resolvió en 'WindowsCreateStringReference!api-ms-win-core-winrt-string-l1-1-0.dll' desde 'SupportedAPIs.xml'."
"Message",Normal,"          P/Invoke 'GetLastError' se resolvió en 'GetLastError!api-ms-win-core-errorhandling-l1-1-0.dll' desde 'SupportedAPIs.xml'."
"Message",Normal,"          P/Invoke 'SetLastError' se resolvió en 'SetLastError!api-ms-win-core-errorhandling-l1-1-0.dll' desde 'SupportedAPIs.xml'."
"Message",Normal,"          P/Invoke 'RoInitialize' se resolvió en 'RoInitialize!api-ms-win-core-winrt-l1-1-0.dll' desde 'SupportedAPIs.xml'."
"Message",Normal,"          P/Invoke 'IsValidLocaleName' se resolvió en 'IsValidLocaleName!api-ms-win-core-localization-l1-2-0.dll' desde 'SupportedAPIs.xml'."
"Message",Normal,"          P/Invoke 'ResolveLocaleName' se resolvió en 'ResolveLocaleName!api-ms-win-core-localization-l1-2-0.dll' desde 'SupportedAPIs.xml'."
"Message",Normal,"          P/Invoke 'CertDuplicateCertificateContext' se resolvió en 'CertDuplicateCertificateContext!crypt32.dll' desde 'SupportedAPIs.xml'."
"Message",Normal,"          P/Invoke 'CertGetCertificateContextProperty' se resolvió en 'CertGetCertificateContextProperty!crypt32.dll' desde 'SupportedAPIs.xml'."
"Message",Normal,"          P/Invoke 'GetCPInfoExW' se resolvió en 'GetCPInfoExW!kernel32.dll' desde 'SupportedAPIs.xml'."
"Message",Normal,"          P/Invoke 'CryptQueryObject' se resolvió en 'CryptQueryObject!crypt32.dll' desde 'SupportedAPIs.xml'."
"Message",Normal,"          P/Invoke 'CertDuplicateCertificateContext' se resolvió en 'CertDuplicateCertificateContext!crypt32.dll' desde 'SupportedAPIs.xml'."
"Message",Normal,"          P/Invoke 'CertFreeCertificateContext' se resolvió en 'CertFreeCertificateContext!crypt32.dll' desde 'SupportedAPIs.xml'."
"Message",Normal,"          P/Invoke 'CryptMsgGetParam' se resolvió en 'CryptMsgGetParam!crypt32.dll' desde 'SupportedAPIs.xml'."
"Message",Normal,"          P/Invoke 'CryptMsgGetParam' se resolvió en 'CryptMsgGetParam!crypt32.dll' desde 'SupportedAPIs.xml'."
"Message",Normal,"          P/Invoke 'PFXImportCertStore' se resolvió en 'PFXImportCertStore!crypt32.dll' desde 'SupportedAPIs.xml'."
"Message",Normal,"          P/Invoke 'CryptFindOIDInfo' se resolvió en 'CryptFindOIDInfo!crypt32.dll' desde 'SupportedAPIs.xml'."
"Message",Normal,"          P/Invoke 'CoCreateInstance' se resolvió en 'CoCreateInstance!api-ms-win-core-com-l1-1-0.dll' desde 'SupportedAPIs.xml'."
"Message",Normal,"          P/Invoke 'CertGetCertificateContextProperty' se resolvió en 'CertGetCertificateContextProperty!crypt32.dll' desde 'SupportedAPIs.xml'."
"Message",Normal,"          P/Invoke 'CertCloseStore' se resolvió en 'CertCloseStore!crypt32.dll' desde 'SupportedAPIs.xml'."
"Message",Normal,"          P/Invoke 'CryptMsgClose' se resolvió en 'CryptMsgClose!crypt32.dll' desde 'SupportedAPIs.xml'."
"Message",Normal,"          P/Invoke 'CertFindCertificateInStore' se resolvió en 'CertFindCertificateInStore!crypt32.dll' desde 'SupportedAPIs.xml'."
"Message",Normal,"          P/Invoke 'CryptAcquireContextW' se resolvió en 'CryptAcquireContextW!advapi32.dll' desde 'SupportedAPIs.xml'."
"Message",Normal,"          P/Invoke 'CertEnumCertificatesInStore' se resolvió en 'CertEnumCertificatesInStore!crypt32.dll' desde 'SupportedAPIs.xml'."
"Message",Normal,"          P/Invoke 'WSAGetOverlappedResult' se resolvió en 'WSAGetOverlappedResult!ws2_32.dll' desde 'SupportedAPIs.xml'."
"Message",Normal,"          P/Invoke 'SysFreeString' se resolvió en 'SysFreeString!OleAut32' desde 'SupportedAPIs.xml'."
"Message",Normal,"          P/Invoke 'FormatMessageW' se resolvió en 'FormatMessageW!kernel32.dll' desde 'SupportedAPIs.xml'."
"Message",Normal,"          P/Invoke 'CertGetNameStringW' se resolvió en 'CertGetNameStringW!crypt32.dll' desde 'SupportedAPIs.xml'."
"Message",Normal,"          P/Invoke 'NCryptOpenKey' se resolvió en 'NCryptOpenKey!ncrypt.dll' desde 'SupportedAPIs.xml'."
"Message",Normal,"          P/Invoke 'setsockopt' se resolvió en 'setsockopt!ws2_32.dll' desde 'SupportedAPIs.xml'."
"Message",Normal,"          P/Invoke 'setsockopt' se resolvió en 'setsockopt!ws2_32.dll' desde 'SupportedAPIs.xml'."
"Message",Normal,"          P/Invoke 'NCryptDeleteKey' se resolvió en 'NCryptDeleteKey!ncrypt.dll' desde 'SupportedAPIs.xml'."
"Message",Normal,"          P/Invoke 'NCryptOpenStorageProvider' se resolvió en 'NCryptOpenStorageProvider!ncrypt.dll' desde 'SupportedAPIs.xml'."
"Message",Normal,"          P/Invoke 'NCryptFreeObject' se resolvió en 'NCryptFreeObject!ncrypt.dll' desde 'SupportedAPIs.xml'."
"Message",Normal,"          P/Invoke 'FormatMessageW' se resolvió en 'FormatMessageW!kernel32.dll' desde 'SupportedAPIs.xml'."
"Message",Normal,"          P/Invoke 'FormatMessageW' se resolvió en 'FormatMessageW!kernel32.dll' desde 'SupportedAPIs.xml'."
"Message",Normal,"          P/Invoke 'RoGetBufferMarshaler' se resolvió en 'RoGetBufferMarshaler!api-ms-win-core-winrt-robuffer-l1-1-0.dll' desde 'SupportedAPIs.xml'."
"Message",Normal,"          P/Invoke 'BCryptGenRandom' se resolvió en 'BCryptGenRandom!BCrypt.dll' desde 'SupportedAPIs.xml'."
"Message",Normal,"          P/Invoke 'FormatMessageW' se resolvió en 'FormatMessageW!kernel32.dll' desde 'SupportedAPIs.xml'."
"Message",High,"  Generando código..."
"Message",High,"  Código de interoperabilidad generado."
"Message",Normal,"  Código escrito en AssemblyInfo.g.cs"
"Message",Normal,"  Código escrito en Adapters.g.cs"
"Message",Normal,"  Código escrito en Data.g.cs"
"Message",Normal,"  Código escrito en Helpers.g.cs"
"Message",Normal,"  Código escrito en ImplTypes.g.cs"
"Message",Normal,"  Código escrito en PInvoke.g.cs"
"Message",Normal,"  Código escrito en SafeTypes.g.cs"
"Message",Normal,"  Código escrito en SharedStubs.g.cs"
"Message",Normal,"Ejecutando la transformación 'GenerateCodeAndCompile', montón en 201 MB."
"Message",High,"Compilando el código de interoperabilidad"
"Message",Normal,"Compilando el código fuente generado: C:\Users\chipe\.nuget\packages\microsoft.net.native.compiler\2.2.9-rel-29512-01\tools\csc\csc.exe /noconfig @""C:\Users\chipe\source\repos\MeMeCollection\MemeCollection\obj\x64\Release\ilc\intermediate\MemeCollection.McgInterop.rsp"""
"Message",High,"Generando el código proxy System.Reflection.DispatchProxy."
"Message",Normal,"Ejecutando la transformación 'ReducedCopyInitialize', montón en 201 MB."
"Message",Normal,"Ejecutando la transformación 'ReducedCopyEmptyTypes', montón en 194 MB."
"Message",Normal,"Ejecutando la transformación 'ReducedCopyPopulateTypes', montón en 197 MB."
"Message",Normal,"Ejecutando la transformación 'ReducedCopyLateMetadata', montón en 212 MB."
"Message",Normal,"Ejecutando la transformación 'ReducedCopyPassResourcesToMutableAssembly', montón en 226 MB."
"Message",Normal,"Ejecutando la transformación 'ReducedCopyMethodBodies', montón en 227 MB."
"Message",Normal,"Ejecutando la transformación 'ReducedCopyComplete', montón en 227 MB."
"Message",Normal,"Ejecutando la transformación 'ReducedCopyCleanup', montón en 261 MB."
"Message",Normal,"Ejecutando la transformación 'DeveloperExperienceModeOnlyCodeRemover', montón en 52 MB."
"Message",Normal,"Ejecutando la transformación 'ComImportDetector', montón en 52 MB."
"Message",Normal,"Ejecutando la transformación 'McgAccessor', montón en 52 MB."
"Message",Normal,"Ejecutando la transformación 'McgRedirect', montón en 53 MB."
"Message",Normal,"Ejecutando la transformación 'McgRedirect', montón en 55 MB."
"Message",Normal,"Ejecutando la transformación 'McgTypeOf', montón en 55 MB."
"Message",Normal,"Ejecutando la transformación 'EventSource', montón en 59 MB."
"Message",Normal,"Ejecutando la transformación 'ValueType', montón en 59 MB."
"Message",Normal,"Ejecutando la transformación 'Attribute', montón en 59 MB."
"Message",Normal,"Ejecutando la transformación 'GetType', montón en 60 MB."
"Message",Normal,"Ejecutando la transformación 'McgFixups', montón en 60 MB."
"Message",Normal,"Ejecutando la transformación 'ResourceManagerCtor', montón en 61 MB."
"Message",Normal,"Ejecutando la transformación 'TypeofTypeHandle', montón en 61 MB."
"Message",Normal,"Ejecutando la transformación 'DispatchProxyIntrinsics', montón en 64 MB."
"Message",Normal,"Ejecutando la transformación 'StaticInitData', montón en 65 MB."
"Message",Normal,"Ejecutando la transformación 'Delegate', montón en 72 MB."
"Message",Normal,"Ejecutando la transformación 'LazyGenerics', montón en 73 MB."
"Message",Normal,"Ejecutando la transformación 'AddReflectionBlockedAttributes', montón en 81 MB."
"Message",Normal,"Ejecutando la transformación 'DisableOptimization', montón en 81 MB."
"Message",Normal,"Ejecutando la transformación 'ResourceExtractor', montón en 81 MB."
"Message",Normal,"Ejecutando la transformación 'CreateMetadata', montón en 82 MB."
"Message",Normal,"Ejecutando la transformación 'StartupCodeInjector', montón en 74 MB."
"Message",Normal,"Ejecutando la transformación 'SaveRVAStatics', montón en 74 MB."
"Message",Normal,"Ejecutando la transformación 'ReflectionInvoke', montón en 74 MB."
"Message",Normal,"Ejecutando la transformación 'ScrubOpenCalls', montón en 75 MB."
"Message",Normal,"Ejecutando la transformación 'ConvertCatchIntoFilter', montón en 75 MB."
"Message",Normal,"Ejecutando la transformación 'ReflectionMappingInfoEmit', montón en 75 MB."
"Message",Normal,"Ejecutando la transformación 'ReflectionIntrinsics', montón en 76 MB."
"Message",Normal,"Ejecutando la transformación 'ConvertManagedWinMD', montón en 76 MB."
"Message",Normal,"Ejecutando la transformación 'DebuggerGuidedStepThroughJmc', montón en 76 MB."
"Message",Normal,"Ejecutando la transformación 'Reducer', montón en 78 MB."
"Message",High,"Limpiando el código al que no se hace referencia"
"Message",Normal,"Ejecutando la transformación 'WriteAssemblies', montón en 98 MB."
"Message",Normal,""
"Message",Normal,"Resumen de la transformación"
"Message",Normal,"    ms | delta en el montón | nombre"
"Message",Normal,"  4688 |         88 | Analysis"
"Message",Normal,"  1194 |          0 | GenerateCodeAndCompile"
"Message",Normal,"   710 |          4 | WriteAssemblies"
"Message",Normal,"   547 |         22 | Mcg"
"Message",Normal,"   373 |         20 | Reducer"
"Message",Normal,"   326 |         -7 | ReducedCopyInitialize"
"Message",Normal,"   194 |         34 | ReducedCopyComplete"
"Message",Normal,"   123 |          0 | ReducedCopyMethodBodies"
"Message",Normal,"    98 |         -8 | CreateMetadata"
"Message",Normal,"    82 |       -209 | ReducedCopyCleanup"
"Message",Normal,"    75 |         15 | ReducedCopyPopulateTypes"
"Message",Normal,"    74 |         14 | DumpNativeResources"
"Message",Normal,"    65 |         14 | ReducedCopyLateMetadata"
"Message",Normal,"    61 |          1 | ResourceExtractor"
"Message",Normal,"    37 |          2 | McgRedirect"
"Message",Normal,"    31 |          4 | McgTypeOf"
"Message",Normal,"    30 |          8 | LazyGenerics"
"Message",Normal,"    23 |          7 | StaticInitData"
"Message",Normal,"    19 |          3 | TypeofTypeHandle"
"Message",Normal,"    18 |          0 | McgRedirect"
"Message",Normal,"    11 |          0 | SaveRVAStatics"
"Message",Normal,"     8 |          3 | ReducedCopyEmptyTypes"
"Message",Normal,"     6 |          0 | GetType"
"Message",Normal,"     5 |          2 | DebuggerGuidedStepThroughJmc"
"Message",Normal,"     4 |          1 | McgFixups"
"Message",Normal,"     3 |          1 | McgAccessor"
"Message",Normal,"     3 |          1 | DispatchProxyIntrinsics"
"Message",Normal,"     2 |          0 | ReflectionIntrinsics"
"Message",Normal,"     2 |          0 | ScrubOpenCalls"
"Message",Normal,"     2 |          1 | Delegate"
"Message",Normal,"     1 |          1 | ReducedCopyPassResourcesToMutableAssembly"
"Message",Normal,"     1 |          1 | Attribute"
"Message",Normal,"     1 |          1 | ReflectionInvoke"
"Message",Normal,"     1 |          0 | ConvertCatchIntoFilter"
"Message",Normal,"     1 |          0 | EventSource"
"Message",Normal,"     0 |          0 | DisableOptimization"
"Message",Normal,"     0 |          0 | ResourceManagerCtor"
"Message",Normal,"     0 |          0 | StartupCodeInjector"
"Message",Normal,"     0 |          0 | ValueType"
"Message",Normal,"     0 |          1 | ReflectionMappingInfoEmit"
"Message",Normal,"     0 |          0 | ConvertManagedWinMD"
"Message",Normal,"     0 |          0 | ComImportDetector"
"Message",Normal,"     0 |          0 | AddReflectionBlockedAttributes"
"Message",Normal,"     0 |          0 | DeveloperExperienceModeOnlyCodeRemover"
"Message",Low,"Ejecución de la tarea ""RunILTransforms"" finalizada."
"Message",Low,"Compilación del destino ""RunILTransforms"" en el archivo ""ILTransforms"" finalizada."
"Message",Low,"Compilación del proyecto ""ILTransforms"" finalizada."
"Message",Low,""
"Message",Low,""
"Message",Low,"Compilación del destino ""GenerateMDIL"" en el archivo ""Nutc"" finalizada."
"Message",Low,""
"Message",High,"Generando el código nativo"
"Message",Low,"Compilación del destino ""MDILPrepareMultiFile"" en el archivo ""Nutc"" finalizada."
"Message",Low,""
"Message",Low,"Compilación del destino ""SetBinaryForReferences"" en el archivo ""Nutc"" finalizada."
"Message",Low,""
"Message",Low,"Tarea ""GenerateMDILGlobalAnalysis"""
"Message",Normal,"Iniciando 'C:\Users\chipe\.nuget\packages\runtime.win10-x64.microsoft.net.native.compiler\2.2.9-rel-29512-01\tools\x64\ilc\Tools\nutc_driver.exe @""C:\Users\chipe\source\repos\MeMeCollection\MemeCollection\obj\x64\Release\ilc\intermediate\MDIL\MemeCollection.rsp""'"
"Message",Low,"Microsoft (R) MDIL Compiler - Version 2.2.29512.01"
"Message",Low,"Copyright (c) Microsoft Corporation.  All rights reserved."
"Message",Low,"Detectando tipos de entrada"
"Message",Low,"Detectando 3213 métodos."
"Message",Low,"Detectando 3226 métodos."
"Message",Low,"Detectando 1751 métodos."
"Message",Low,"Detectando 1346 métodos."
"Message",Low,"Detectando 748 métodos."
"Message",Low,"Detectando 608 métodos."
"Message",Low,"Detectando 353 métodos."
"Message",Low,"Detectando 218 métodos."
"Message",Low,"Detectando 67 métodos."
"Message",Low,"Detectando 25 métodos."
"Message",Low,"Detectando 17 métodos."
"Message",Low,"Detectando 12 métodos."
"Message",Low,"Detectando 8 métodos."
"Message",Low,"Detectando 6 métodos."
"Message",Low,"Detectando 7 métodos."
"Message",Low,"Detectando 10 métodos."
"Message",Low,"Detectando 6 métodos."
"Message",Low,"Detectando 19 métodos."
"Message",Low,"Detectando 10 métodos."
"Message",Low,"Detectando 7 métodos."
"Message",Low,"Detectando 2 métodos."
"Message",Low,"Generación de código diligente"
"Message",Low,"Compilando 11659 métodos."
"Message",Low,"Generación de código diferido"
"Message",Low,"La llamada al método administrado Initialize se realizó correctamente; código de salida: 0 al generar CTL.Estadísticas de metadatos de seguimiento de la pila"
"Message",Low,"Número de métodos emitidos:   5074"
"Message",Low,"Tamaño del blob de metadatos:          170702"
"Message",Low,"RVA del método; tamaño de asignación de tokens: 40592"
"Message",Low,"Tamaño nativo total:           211294"
"Message",Low,"""C:\Users\chipe\source\repos\MeMeCollection\MemeCollection\obj\x64\Release\ilc\intermediate\MDIL\MemeCollection.mdilexe"" se generó correctamente"
"Message",Low,"""C:\Users\chipe\source\repos\MeMeCollection\MemeCollection\obj\x64\Release\ilc\intermediate\MDIL\MemeCollection.mdilpdb"" se generó correctamente"
"Message",Low,"Compilado en código MDIL."
"Message",Normal,"'C:\Users\chipe\.nuget\packages\runtime.win10-x64.microsoft.net.native.compiler\2.2.9-rel-29512-01\tools\x64\ilc\Tools\nutc_driver.exe @""C:\Users\chipe\source\repos\MeMeCollection\MemeCollection\obj\x64\Release\ilc\intermediate\MDIL\MemeCollection.rsp""' se ha completado."
"Message",Normal,"Procesar estadísticas de ejecución (todas las veces en milisegundos)"
"Message",Normal,"-----------------------------------------------------------------------------"
"Message",Normal,"inicio  |  iniciar   |   detener   |   finalizar    | duración | vigencia | nombre [ranura]"
"Message",Normal,"-----------------------------------------------------------------------------"
"Message",Normal,"       0 |       16 |     6907 |     6907 |     6891 |     6907 | [0] Nutc GlobalAnalysis"
"Message",Normal,"Número de comandos:      1"
"Message",Normal,"Tiempo total del sistema:       6907 ms"
"Message",Normal,"Tiempo del sistema por comando: 6907 ms"
"Message",Normal,"Duración total:          6891 ms"
"Message",Normal,"Vigencia total:          6907 ms"
"Message",Normal,"DOP solicitado:           12"
"Message",Normal,"DOP de la duración:            1,0"
"Message",Normal,"DOP de la vigencia:            1,0"
"Message",Low,"Ejecución de la tarea ""GenerateMDILGlobalAnalysis"" finalizada."
"Message",Low,"Compilación del destino ""GenerateMDILGlobalAnalysis"" en el archivo ""Nutc"" finalizada."
"Message",Low,""
"Message",Low,"Tarea ""rc"""
"Message",Normal,"Iniciando 'C:\Program Files (x86)\Windows Kits\10\bin\10.0.19041.0\x64\rc.exe /c ""65001"" /r /fo ""C:\Users\chipe\source\repos\MeMeCollection\MemeCollection\obj\x64\Release\ilc\intermediate\BuildInfo\BuildInfo.res"" ""C:\Users\chipe\source\repos\MeMeCollection\MemeCollection\obj\x64\Release\ilc\intermediate\BuildInfo\BuildInfo.rc""'"
"Message",Low,"Microsoft (R) Windows (R) Resource Compiler Version 10.0.10011.16384"
"Message",Low,"Copyright (C) Microsoft Corporation.  All rights reserved."
"Message",Normal,"'C:\Program Files (x86)\Windows Kits\10\bin\10.0.19041.0\x64\rc.exe /c ""65001"" /r /fo ""C:\Users\chipe\source\repos\MeMeCollection\MemeCollection\obj\x64\Release\ilc\intermediate\BuildInfo\BuildInfo.res"" ""C:\Users\chipe\source\repos\MeMeCollection\MemeCollection\obj\x64\Release\ilc\intermediate\BuildInfo\BuildInfo.rc""' se ha completado."
"Message",Normal,"Procesar estadísticas de ejecución (todas las veces en milisegundos)"
"Message",Normal,"-----------------------------------------------------------------------------"
"Message",Normal,"inicio  |  iniciar   |   detener   |   finalizar    | duración | vigencia | nombre [ranura]"
"Message",Normal,"-----------------------------------------------------------------------------"
"Message",Normal,"       0 |       15 |       62 |       62 |       47 |       62 | [0] rc"
"Message",Normal,"Número de comandos:      1"
"Message",Normal,"Tiempo total del sistema:       62 ms"
"Message",Normal,"Tiempo del sistema por comando: 62 ms"
"Message",Normal,"Duración total:          47 ms"
"Message",Normal,"Vigencia total:          62 ms"
"Message",Normal,"DOP solicitado:           12"
"Message",Normal,"DOP de la duración:            0,8"
"Message",Normal,"DOP de la vigencia:            1,0"
"Message",Low,"Ejecución de la tarea ""rc"" finalizada."
"Message",Low,"Tarea ""ResourceBinaryConcatenate"""
"Message",Normal,"Concatenando en 'C:\Users\chipe\source\repos\MeMeCollection\MemeCollection\obj\x64\Release\ilc\intermediate\Native.res' con la alineación '4'."
"Message",Normal," Se agregó 'C:\Users\chipe\source\repos\MeMeCollection\MemeCollection\obj\x64\Release\ilc\intermediate\ILTransformed\MemeCollection.res' en el desplazamiento 0."
"Message",Normal," Se agregó 'C:\Users\chipe\source\repos\MeMeCollection\MemeCollection\obj\x64\Release\ilc\intermediate\BuildInfo\BuildInfo.res' en el desplazamiento 1432."
"Message",Low,"Ejecución de la tarea ""ResourceBinaryConcatenate"" finalizada."
"Message",Low,"Compilación del destino ""GenerateBuildInfo"" en el archivo ""Nutc"" finalizada."
"Message",Low,"Compilación del proyecto ""Nutc"" finalizada."
"Message",Low,""
"Message",Low,""
"Message",Low,"Compilación del destino ""MDILBindPrepare"" en el archivo ""Binder"" finalizada."
"Message",Low,""
"Message",High,"Generando las correcciones para el código nativo"
"Message",Low,"Tarea ""MDILBind"""
"Message",Normal,"Iniciando 'C:\Users\chipe\.nuget\packages\runtime.win10-x64.microsoft.net.native.compiler\2.2.9-rel-29512-01\tools\x64\ilc\Tools\rhbind.exe @""C:\Users\chipe\source\repos\MeMeCollection\MemeCollection\obj\x64\Release\ilc\intermediate\rhbindargs.MemeCollection.rsp""'"
"Message",Low,"VERSIÓN DE SO: principal: 6, secundaria: 2"
"Message",Low,"MDIL: C:\Users\chipe\source\repos\MeMeCollection\MemeCollection\obj\x64\Release\ilc\intermediate\MDIL\MemeCollection.mdilexe"
"Message",Low,"MDILPDB: C:\Users\chipe\source\repos\MeMeCollection\MemeCollection\obj\x64\Release\ilc\intermediate\MDIL\MemeCollection.mdilpdb"
"Message",Low,"IL: C:\Users\chipe\source\repos\MeMeCollection\MemeCollection\obj\x64\Release\ilc\intermediate\MDIL\MemeCollection.ilexe"
"Message",Low,"NI: C:\Users\chipe\source\repos\MeMeCollection\MemeCollection\obj\x64\Release\ilc\intermediate\Native\MemeCollection.dll"
"Message",Low,"SHIM: C:\Users\chipe\source\repos\MeMeCollection\MemeCollection\obj\x64\Release\ilc\intermediate\Native\MemeCollection.exe"
"Message",Low,"REDHAWK_RUNTIME_DLL_NAME_A=mrt100_app.dll"
"Message",Low,"pdb: C:\Users\chipe\source\repos\MeMeCollection\MemeCollection\obj\x64\Release\ilc\intermediate\Native\MemeCollection.pdb"
"Message",Low,"Se produjeron C:\Users\chipe\source\repos\MeMeCollection\MemeCollection\obj\x64\Release\ilc\intermediate\Native\MemeCollection.dll en 0.561 segundos"
"Message",Normal,"'C:\Users\chipe\.nuget\packages\runtime.win10-x64.microsoft.net.native.compiler\2.2.9-rel-29512-01\tools\x64\ilc\Tools\rhbind.exe @""C:\Users\chipe\source\repos\MeMeCollection\MemeCollection\obj\x64\Release\ilc\intermediate\rhbindargs.MemeCollection.rsp""' se ha completado."
"Message",Normal,"Procesar estadísticas de ejecución (todas las veces en milisegundos)"
"Message",Normal,"-----------------------------------------------------------------------------"
"Message",Normal,"inicio  |  iniciar   |   detener   |   finalizar    | duración | vigencia | nombre [ranura]"
"Message",Normal,"-----------------------------------------------------------------------------"
"Message",Normal,"       0 |       15 |      594 |      594 |      579 |      594 | [0] rhbind MemeCollection"
"Message",Normal,"Número de comandos:      1"
"Message",Normal,"Tiempo total del sistema:       594 ms"
"Message",Normal,"Tiempo del sistema por comando: 594 ms"
"Message",Normal,"Duración total:          579 ms"
"Message",Normal,"Vigencia total:          594 ms"
"Message",Normal,"DOP solicitado:           12"
"Message",Normal,"DOP de la duración:            1,0"
"Message",Normal,"DOP de la vigencia:            1,0"
"Message",Low,"Ejecución de la tarea ""MDILBind"" finalizada."
"Message",Low,"Compilación del destino ""MDILBind"" en el archivo ""Binder"" finalizada."
"Message",Low,"Compilación del proyecto ""Binder"" finalizada."
"Message",Low,""
"Message",Low,""
"Message",Low,"Compilación del destino ""CopyNativeExecutablesToOutput"" en el archivo ""Deployment"" finalizada."
"Message",Low,""
"Message",Low,"Tarea ""TransformAppxManifest"""
"Message",Low,"Ejecución de la tarea ""TransformAppxManifest"" finalizada."
"Message",Low,"Compilación del destino ""TransformAppxManifestAndAddCrt"" en el archivo ""Deployment"" finalizada."
"Message",Low,""
"Message",Low,"Compilación del destino ""CopyPackageResourceFileInRetailBuild"" en el archivo ""Deployment"" finalizada."
"Message",Low,"Compilación del proyecto ""Deployment"" finalizada."
"Message",Low,"Compilación finalizada."
